adaptive_cell_id,rental_count,seed_rental_idx,seed_local_k_radius_m,x_centroid,y_centroid,radius_m,mean_rent,median_rent,mean_price_per_bedroom,member_rental_idx,centroid_lon,centroid_lat,cell_area_km2,crime_count_in_circle,violent_crime_count_in_circle,violent_crime_ratio_in_circle,restaurant_count_in_circle,subway_count_in_circle
ac_0000,5,1,1.0,630731.0185903045,4835455.350906973,1.0,2440.0,2250.0,1733.3333333333335,"81,1,370,251,79",-79.3786354,43.66060540000001,3.1415926535897933e-06,0,0,0.0,0,0
ac_0001,5,2,1.0,630550.0011861284,4833283.193843621,1.0,2570.0,2450.0,1965.0,"498,2,20,309,512",-79.3814048,43.6410868,3.1415926535897933e-06,0,0,0.0,0,0
ac_0002,5,17,1.0,630507.8419821493,4833369.678264237,1.0,2870.0,3200.0,2550.0,"429,431,200,242,584",-79.3819064,43.641872600000006,3.1415926535897933e-06,0,0,0.0,0,0
ac_0003,5,21,1.0,630057.926094413,4834149.7783023445,1.0,2219.8,2200.0,2219.8,"460,467,365,21,536",-79.3872946,43.648972699999995,3.1415926535897933e-06,0,0,0.0,0,0
ac_0004,5,24,1.0,630475.6597903128,4834334.233467418,1.0,2400.0,2200.0,1820.0,"373,515,285,24,569",-79.3820722,43.6505597,3.1415926535897933e-06,0,0,0.0,0,0
ac_0005,5,41,1.0,630743.9619062125,4833366.930588953,1.0,2350.0,2500.0,2350.0,"310,231,549,263,548",-79.3789807,43.64180639999999,3.1415926535897933e-06,0,0,0.0,0,0
ac_0006,5,42,1.0,630366.0520832468,4836001.834333628,1.0,2370.0,2100.0,2000.0,"522,270,523,42,53",-79.383028,43.6655881,3.1415926535897933e-06,0,0,0.0,0,0
ac_0007,5,47,1.0,630517.9762049234,4833373.820080773,1.0,3070.0,2600.0,1650.0,"468,434,47,186,294",-79.3817798,43.6419081,3.1415926535897933e-06,0,0,0.0,0,0
ac_0008,5,62,1.0,629650.7739010996,4833916.491300308,1.0,2290.0,2300.0,2040.0,"320,499,407,221,96",-79.3923973,43.6469441,3.1415926535897933e-06,0,0,0.0,0,0
ac_0009,5,62,1.0,629650.7739010996,4833916.491300308,1.0,2078.0,2100.0,2078.0,"351,149,98,86,170",-79.3923973,43.6469441,3.1415926535897933e-06,0,0,0.0,0,0
ac_0010,5,66,1.0,631725.800156547,4834602.902252978,1.0,2296.0,2300.0,2296.0,"199,436,269,546,66",-79.3665108,43.65275739999999,3.1415926535897933e-06,0,0,0.0,0,0
ac_0011,5,67,1.0,631001.3308966421,4833816.684482709,1.0,3130.0,3000.0,2390.0,"67,362,272,70,198",-79.3756819,43.6458091,3.1415926535897933e-06,0,0,0.0,0,0
ac_0012,5,87,1.0,632721.1909991816,4834758.188000215,1.0,2270.0,2250.0,1990.0,"471,247,210,442,87",-79.3541341,43.653978,3.1415926535897933e-06,0,0,0.0,0,0
ac_0013,5,123,1.0,631725.800156547,4834602.902252978,1.0,2555.0,2450.0,1927.5,"342,123,196,322,359",-79.3665108,43.65275739999999,3.1415926535897933e-06,0,0,0.0,0,0
ac_0014,5,140,1.0,630380.2050638708,4834628.613193555,1.0,1985.0,2000.0,1610.0,"375,451,530,570,423",-79.3831843,43.65322599999998,3.1415926535897933e-06,0,0,0.0,16,0
ac_0015,5,165,1.0,630741.9836317631,4833364.525407579,1.0,2530.0,2600.0,2270.0,"489,377,338,165,488",-79.3790058,43.6417851,3.1415926535897933e-06,0,0,0.0,0,0
ac_0016,5,97,7.600209497419443,630731.0185903045,4835455.350906973,7.600209497419443,2490.0,2300.0,1783.3333333333335,"97,410,151,567,290",-79.3786354,43.66060540000001,0.00018146839577364712,0,0,0.0,0,0
ac_0017,5,104,10.327804152223946,630800.6416837679,4834160.619807356,10.327804152223946,2638.0,2750.0,2638.0,"104,466,187,301,464",-79.378086,43.64893999999999,0.0003350933892926817,0,0,0.0,2,0
ac_0018,5,26,10.992113543683967,626873.2474707987,4832775.412685277,10.992113543683967,1757.8,1755.0,1534.8,"26,32,30,782,518",-79.4270923,43.637152699999994,0.00037958783374851193,0,0,0.0,0,0
ac_0019,5,408,26.27969801550767,630708.5026150697,4834790.332423042,26.27969801550767,2355.8,2250.0,1765.9,"408,486,473,581,52",-79.3790756,43.65462389999999,0.002169654659696983,0,0,0.0,2,0
ac_0020,5,1107,31.456326488464512,629546.0346743327,4833274.511887208,31.456326488464512,2280.0,2200.0,1740.0,"1107,254,531,5,492",-79.3938495,43.641184199999984,0.003108607426592905,0,0,0.0,1,0
ac_0021,5,89,34.28467641808614,629665.3958425168,4833896.775707888,34.28467641808614,2500.0,2400.0,1798.3333333333335,"89,212,420,62,1003",-79.3922208,43.646764100000006,0.0036927506436736273,0,0,0.0,0,0
ac_0022,5,446,34.85770564921452,630729.0405794892,4835448.012606242,34.85770564921452,2120.0,2000.0,1850.0,"446,217,157,554,74",-79.3786617,43.66053970000001,0.0038172224485221048,62,33,0.532258064516129,2,0
ac_0023,5,160,35.03204655201023,626224.9587160936,4832521.078804725,35.03204655201023,1790.2,1729.0,1790.2,"160,304,1057,1124,803",-79.4351859,43.63497379999999,0.003855501631870794,0,0,0.0,0,0
ac_0024,5,236,39.32032836458551,629998.0354773395,4834127.549190308,39.32032836458551,3780.0,4050.0,2115.0,"318,237,236,356,528",-79.3880423,43.648783099999996,0.0048571794022323365,0,0,0.0,2,0
ac_0025,5,314,39.603996723625265,629944.3292344677,4834700.430251121,39.603996723625265,2260.0,2100.0,2260.0,"559,314,1033,1102,524",-79.38857010000001,43.653948699999994,0.004927514427180843,0,0,0.0,0,0
ac_0026,5,51,41.530495293180174,629681.9842058979,4833501.964341341,41.530495293180174,2420.0,2300.0,2100.0,"51,1063,214,148,0",-79.39211,43.64320769999999,0.005418562583698639,0,0,0.0,3,0
ac_0027,5,17,42.2033886301672,630507.8419821493,4833369.678264237,42.2033886301672,1976.0,2050.0,1858.0,"17,297,404,588,176",-79.3819064,43.641872600000006,0.005595572394005104,0,0,0.0,0,0
ac_0028,5,1025,47.58471439348845,626852.1811718456,4833090.434015136,47.58471439348845,2715.2380000000003,2707.0,1267.3856666666666,"1025,330,49,48,1166",-79.4272794,43.639991699999996,0.007113524091433551,0,0,0.0,0,0
ac_0029,5,305,49.00110207683301,630354.5265610159,4836249.2974435445,49.00110207683301,2118.0,1850.0,1833.0,"305,306,860,729,605",-79.3831111,43.66781739999999,0.00754330326818005,0,0,0.0,0,0
ac_0030,5,111,52.720000802918925,631681.4314713716,4834581.918764663,52.720000802918925,2040.0,2300.0,2040.0,"366,111,433,426,427",-79.3670659,43.6525764,0.008731737860805744,43,15,0.3488372093023256,1,0
ac_0031,5,177,55.30053757373106,630450.868591394,4833336.569484218,55.30053757373106,2940.0,2650.0,2070.0,"248,177,265,239,481",-79.3826205,43.6415846,0.009607459864372166,0,0,0.0,1,0
ac_0032,5,958,56.16528764481114,629844.1951882313,4836222.993408366,56.16528764481114,2884.4,2915.0,1886.7,"958,166,168,167,326",-79.389445,43.66767,0.009910278232461047,0,0,0.0,1,0
ac_0033,5,876,56.33546811534914,626060.1197480785,4833003.923011857,56.33546811534914,2126.6,1985.0,1591.6,"876,761,241,810,317",-79.437116,43.63934769999999,0.009970425379571931,41,28,0.6829268292682927,0,0
ac_0034,5,73,56.5534287548381,629098.9036961421,4832970.014789552,56.5534287548381,2630.0,2600.0,2310.0,"73,507,327,483,298",-79.3994638,43.638521299999994,0.010047725322869395,0,0,0.0,0,0
ac_0035,5,392,57.301846231358795,630948.0889570831,4834179.969046205,57.301846231358795,2420.0,2450.0,2080.0,"392,568,138,400,75",-79.3762537,43.649088199999994,0.010315424446560887,39,18,0.46153846153846156,5,0
ac_0036,5,262,58.936213055518536,629654.3649653267,4833733.604745825,58.936213055518536,2960.0,2650.0,2455.0,"262,445,1041,566,117",-79.3923967,43.645297400000004,0.010912250483228485,86,72,0.8372093023255814,6,0
ac_0037,5,258,61.590873514005956,630970.6195305681,4833848.215203008,61.590873514005956,2256.0,2450.0,1846.0,"525,258,336,1093,504",-79.3760549,43.6460983,0.011917429727671002,30,17,0.5666666666666667,0,0
ac_0038,5,3,61.70694032272336,629862.669827163,4834536.476108695,61.70694032272336,2489.0,2400.0,2119.0,"3,550,261,211,244",-79.3896218,43.6524873,0.011962388380842078,11,5,0.45454545454545453,0,0
ac_0039,5,452,63.87451418322254,629408.4812752199,4833220.954493512,63.87451418322254,2756.0,2200.0,1789.6666666666665,"452,422,438,453,421",-79.3955671,43.64072610000001,0.012817552137815004,0,0,0.0,0,0
ac_0040,5,11,64.75549920811544,629809.730318411,4833995.479168013,64.75549920811544,2360.0,2350.0,2125.0,"533,376,11,1048,29",-79.3904081,43.6476273,0.013173560921922048,84,68,0.8095238095238095,8,0
ac_0041,5,267,65.01909593592616,630606.4161356655,4836410.97083794,65.01909593592616,1885.0,1800.0,1575.0,"267,159,884,390,393",-79.3799488,43.66922829999999,0.013281029021776096,31,20,0.6451612903225806,1,0
ac_0042,5,406,65.79549143530453,630287.6614591577,4836026.7722480735,65.79549143530453,2437.91,2249.55,2107.91,"406,1130,381,432,490",-79.3839939,43.665826299999985,0.013600101288445875,0,0,0.0,1,1
ac_0043,5,69,71.61375506642784,629750.3423126821,4834021.292719749,71.61375506642784,2950.0,2500.0,2296.666666666667,"398,69,478,477,576",-79.391138,43.647870000000005,0.016111751903781994,121,64,0.5289256198347108,5,0
ac_0044,5,191,72.71616741574915,630588.5272742761,4833234.925644341,72.71616741574915,2546.0,2200.0,2076.0,"191,296,575,55,295",-79.380939,43.6406456,0.01661161413184069,19,12,0.631578947368421,0,0
ac_0045,5,835,73.11404345662213,630498.1420037582,4836315.53949504,73.11404345662213,1894.6,1900.0,1894.6,"835,369,413,181,664",-79.3813144,43.6683884,0.016793896710736365,63,22,0.3492063492063492,0,0
ac_0046,5,595,74.43120302246265,628977.9595599775,4833311.390997244,74.43120302246265,2116.6,2100.0,2116.6,"595,1120,6,286,450",-79.40088115,43.64161485999999,0.017404435815016692,0,0,0.0,0,0
ac_0047,5,12,76.72343276663324,631436.1520999214,4835039.853428686,76.72343276663324,1735.4,1799.0,1735.4,"12,13,1123,459,500",-79.3699948,43.65674140000001,0.018492938457140038,382,307,0.8036649214659686,0,0
ac_0048,5,543,77.67832657912368,630971.8890428613,4834777.228032312,77.67832657912368,2339.0,2050.0,2040.0,"543,691,329,350,620",-79.3758138,43.6544596,0.01895612634742055,73,40,0.547945205479452,0,0
ac_0049,5,943,79.67422109295457,630485.2989569384,4835852.678138115,79.67422109295457,1935.8,1815.0,1935.8,"943,756,31,714,537",-79.3815856,43.664224700000005,0.019942772066789377,26,12,0.46153846153846156,1,0
ac_0050,5,1173,81.60572189869748,629992.4767370198,4834215.1919460185,81.60572189869748,2870.0,3150.0,2195.0,"1173,509,345,562,358",-79.3880901,43.649572899999995,0.020921416945128724,0,0,0.0,1,0
ac_0051,5,124,82.59997673054781,626648.5744745387,4835273.92612899,82.59997673054781,1705.0,1717.0,1705.0,"124,125,126,134,133",-79.4292906,43.6596793,0.02143432061656926,0,0,0.0,0,0
ac_0052,5,142,87.56114617087795,629289.3351039015,4833985.083988039,87.56114617087795,2790.0,2850.0,2205.0,"142,591,564,16,374",-79.3968608,43.64762439999999,0.02408644736321821,99,47,0.47474747474747475,9,0
ac_0053,5,532,89.73304450136028,629237.0986031926,4832860.299063021,89.73304450136028,2420.0,2400.0,2100.0,"532,1059,572,106,95",-79.39777740000001,43.6375098,0.025296164602421133,30,20,0.6666666666666666,0,0
ac_0054,5,1133,90.64920485325732,630413.095842592,4835506.331676499,90.64920485325732,2580.0,2800.0,1670.0,"1133,574,558,171,230",-79.3825645,43.66112009999999,0.025815341267104695,461,380,0.824295010845987,20,1
ac_0055,5,8,92.8948585922081,631020.4566818449,4836334.5844177,92.8948585922081,1890.0,1750.0,1690.0,"39,8,9,38,387",-79.3748336,43.6684679,0.027110231656090413,186,145,0.7795698924731183,0,0
ac_0056,5,610,93.51773991043906,628567.2423824954,4836145.905517944,93.51773991043906,1939.6,1949.0,1939.6,"610,883,725,1088,224",-79.4052963,43.6671982,0.02747501116854057,49,37,0.7551020408163265,6,0
ac_0057,5,302,93.58115096835719,627107.6767167558,4833266.5007165605,93.58115096835719,2177.8,2400.0,1378.9,"1086,302,78,454,323",-79.4240715,43.6415328,0.02751228345922614,86,49,0.5697674418604651,0,0
ac_0058,5,100,94.19795369058241,630932.8637985172,4836408.176681194,94.19795369058241,1790.0,1650.0,1590.0,"102,101,100,233,594",-79.3759018,43.669145699999994,0.027876151086208268,93,66,0.7096774193548387,0,0
ac_0059,5,328,94.44680015022598,629074.7370067086,4833061.243095576,94.44680015022598,2650.0,2400.0,1903.3333333333333,"328,7,411,80,141",-79.3997415,43.6393466,0.02802362868951624,94,45,0.4787234042553192,1,0
ac_0060,5,807,95.8104805413971,628909.6446478058,4836587.282143252,95.8104805413971,2415.0,2300.0,2115.5,"807,824,1029,1004,812",-79.4009454,43.6711115,0.028838715289769997,0,0,0.0,0,0
ac_0061,5,4,96.5202101287963,626268.0315062194,4832512.613877693,96.5202101287963,1960.8,1849.0,1782.9,"4,773,215,1092,1116",-79.4346541,43.63489030000001,0.029267551426058715,0,0,0.0,0,0
ac_0062,5,92,96.75917675894483,630944.9797043945,4833755.795896759,96.75917675894483,2660.0,2600.0,1810.0,"92,511,399,391,155",-79.37639510000001,43.645271,0.029412653183077567,30,17,0.5666666666666667,0,0
ac_0063,5,284,98.95290716649953,629284.9450236802,4833196.457833342,98.95290716649953,2250.0,2350.0,2250.0,"284,93,394,361,46",-79.397104,43.6405271,0.03076146315810061,0,0,0.0,4,0
ac_0064,5,45,99.69956789216282,630902.3228506519,4833466.987153624,99.69956789216282,2245.0,2250.0,1925.0,"45,225,192,15,364",-79.3769938,43.64267910000001,0.03122744303375067,92,43,0.4673913043478261,3,0
ac_0065,5,367,102.5178079610502,630318.4475755468,4835257.488690996,102.5178079610502,2292.4,2100.0,1787.4,"367,590,760,84,385",-79.383798,43.658897,0.033017827611770745,26,21,0.8076923076923077,8,0
ac_0066,5,791,104.0582177753984,631113.211193846,4835846.768611063,104.0582177753984,1963.8,2019.0,1753.8,"791,28,27,774,139",-79.3738021,43.66406099999999,0.03401751926844062,66,45,0.6818181818181818,0,0
ac_0067,5,647,104.08671853775726,629542.7611204648,4840580.616413252,104.08671853775726,2712.2,2400.0,2222.2,"647,787,717,641,599",-79.3921349,43.70694319999999,0.03403615610513201,0,0,0.0,2,0
ac_0068,5,1045,105.86422541757469,630292.0823909172,4835691.730787737,105.86422541757469,2593.0,2495.0,2593.0,"1045,1159,1027,600,1075",-79.38402,43.66281000000001,0.03520856470286336,337,272,0.8071216617210683,11,0
ac_0069,5,984,106.54404011123887,633331.7249226168,4848206.874400396,106.54404011123887,2510.602,2455.0,2215.3010000000004,"984,979,636,956,994",-79.3432338,43.7749096,0.035662205215551794,69,46,0.6666666666666666,0,0
ac_0070,5,927,108.8092103603111,626041.4349433149,4832866.2045265045,108.8092103603111,1815.6,1725.0,1815.6,"927,875,827,842,216",-79.4373797,43.63811129999999,0.037194711107396736,73,44,0.6027397260273972,0,0
ac_0071,5,630,112.17013190635808,628062.6230675266,4832982.96582865,112.17013190635808,2199.4,2200.0,2199.4,"630,88,1114,479,143",-79.4123034,43.638816999999996,0.03952795385257027,9,2,0.2222222222222222,0,0
ac_0072,5,137,118.08037789222365,630148.3474790571,4835469.555152849,118.08037789222365,2180.0,2500.0,1590.0,"137,388,119,587,108",-79.3858556,43.66083549999998,0.04380314984976537,192,151,0.7864583333333334,12,0
ac_0073,5,335,119.1057772985607,628987.0488309003,4832856.99918102,119.1057772985607,2700.0,2600.0,1780.0,"335,372,585,287,505",-79.400877,43.6375235,0.044567218304062656,60,37,0.6166666666666667,1,0
ac_0074,5,227,119.91404182467834,629853.5162860041,4833816.1720313085,119.91404182467834,2330.0,2300.0,1715.0,"227,495,352,240,228",-79.3899085,43.646005800000005,0.04517414648701209,157,106,0.6751592356687898,28,0
ac_0075,5,34,124.2731591766245,631381.2010492082,4834535.341508447,124.2731591766245,2030.0,2200.0,2030.0,"34,331,190,76,520",-79.3707988,43.6522103,0.048518185460383285,66,31,0.4696969696969697,1,0
ac_0076,5,1113,125.72548957036926,626739.9865864265,4832665.797041219,125.72548957036926,2076.8,2125.0,2076.8,"1113,737,728,730,751",-79.4287695,43.636188800000006,0.049658836919008534,48,41,0.8541666666666666,0,0
ac_0077,5,551,127.06378971696668,629777.3500751941,4833177.09809324,127.06378971696668,2510.0,2550.0,2510.0,"551,428,209,494,386",-79.3910061,43.6402671,0.050721662625066444,53,37,0.6981132075471698,5,0
ac_0078,5,661,127.66088158602743,629428.9732212779,4839644.631108605,127.66088158602743,2409.0,2350.0,2409.0,"661,688,368,720,726",-79.39377166,43.69853878,0.05119948011263379,0,0,0.0,0,0
ac_0079,5,690,128.4742573844699,630066.0181485348,4835923.696928664,128.4742573844699,2480.0,2300.0,2145.0,"690,348,116,259,770",-79.3867668,43.66493740000001,0.05185398106347454,147,84,0.5714285714285714,9,0
ac_0080,5,18,128.9142916980193,630561.5135219442,4833419.811139288,128.9142916980193,2750.0,3000.0,1825.0,"18,401,203,402,222",-79.3812291,43.642314400000004,0.05220979719871576,190,126,0.6631578947368421,6,0
ac_0081,5,275,133.41439538512287,629612.5416946016,4833658.487947366,133.41439538512287,2658.4,2400.0,2299.2,"275,1079,444,441,687",-79.3929331,43.6446286,0.05591846709310373,132,97,0.7348484848484849,14,0
ac_0082,5,22,135.07097421242716,630865.0867290223,4836599.319066976,135.07097421242716,2215.2,1950.0,1822.6,"22,681,430,37,1156",-79.3766958,43.670877999999995,0.05731574439431662,111,75,0.6756756756756757,2,0
ac_0083,5,341,137.3338465234328,629624.9610022691,4833979.154353478,137.3338465234328,2220.0,2100.0,2100.0,"341,424,496,114,308",-79.3927022,43.6475126,0.059252276537938825,292,189,0.6472602739726028,14,0
ac_0084,5,831,142.50186058813404,629114.1319353211,4836402.7377050435,142.50186058813404,2622.0,2150.0,2132.0,"831,1100,357,1040,1037",-79.398454,43.669415,0.06379563171768704,48,30,0.625,3,1
ac_0085,5,1118,143.91962493817928,630028.985006689,4836186.518866357,143.91962493817928,2489.8,2400.0,2139.8,"1118,280,493,99,487",-79.3871626,43.66730939999999,0.06507136391732013,299,188,0.6287625418060201,24,0
ac_0086,5,480,144.37050575282032,632015.4227781672,4835393.710780269,144.37050575282032,2274.8,2475.0,1854.8,"480,110,541,193,229",-79.3627273,43.6598236,0.06547972223297696,145,96,0.6620689655172414,2,0
ac_0087,5,640,145.38769553844133,629410.9151684081,4841177.954434365,145.38769553844133,2060.0,1850.0,2060.0,"640,962,986,944,978",-79.3936271,43.71234249999999,0.06640567236976665,69,32,0.463768115942029,0,0
ac_0088,5,457,150.26056855106603,627745.0627145525,4832970.999409632,150.26056855106603,2279.8,2200.0,2009.9,"457,1104,274,57,334",-79.4162418,43.6387639,0.07093162808098596,111,50,0.45045045045045046,12,0
ac_0089,5,1108,150.40139496506174,627286.5133800321,4838276.677717797,150.40139496506174,2340.9,1995.0,1969.35,"1108,650,694,859,695",-79.420673,43.68659689999999,0.07106464671466559,108,51,0.4722222222222222,0,0
ac_0090,5,934,151.38391536768046,629345.4521963301,4840374.257749236,151.38391536768046,2406.0,2250.0,2062.5,"934,685,686,930,1168",-79.39463250000001,43.70512029999999,0.07199616105802262,53,15,0.2830188679245283,0,0
ac_0091,5,35,155.8328557473394,630063.01669409,4833972.931368499,155.8328557473394,2699.0,2400.0,2699.0,"145,35,508,622,163",-79.3872741,43.64738009999999,0.0762900556483178,340,290,0.8529411764705882,21,0
ac_0092,5,56,156.69699328118716,632736.4347216724,4834893.363153104,156.69699328118716,2929.8,2999.0,1929.9,"122,202,337,56,179",-79.3539119,43.655191899999984,0.07713850172151762,12,6,0.5,0,0
ac_0093,5,461,157.39807396762515,630276.2258148002,4835079.053329285,157.39807396762515,2070.0,2000.0,1620.0,"461,552,238,463,491",-79.3843645,43.657298399999995,0.07783029922738094,306,219,0.7156862745098039,27,0
ac_0094,5,476,157.41165254833007,630608.9561768874,4834250.504728719,157.41165254833007,2700.0,2800.0,1910.0,"476,54,553,158,25",-79.3804402,43.649782699999996,0.07784372849698183,178,108,0.6067415730337079,35,0
ac_0095,5,465,158.28491720958402,629262.1719864926,4833825.013319416,158.28491720958402,2485.0,2200.0,2090.0,"465,557,526,243,223",-79.3972358,43.6461884,0.07870982367660029,278,186,0.6690647482014388,16,0
ac_0096,5,789,158.7758293997242,626907.1902504386,4840329.864410058,158.7758293997242,2844.8,2589.0,2105.8,"789,1132,727,609,854",-79.424894,43.7051417,0.07919880938606574,56,39,0.6964285714285714,0,0
ac_0097,5,405,162.88365996219832,628930.7284042576,4833574.113531835,162.88365996219832,2450.0,2650.0,2170.0,"405,419,311,206,213",-79.4014038,43.6439877,0.08334986701406477,548,436,0.7956204379562044,29,0
ac_0098,5,195,165.93154235680373,630538.3293548798,4836615.576127978,165.93154235680373,2329.8,2215.0,1972.3,"195,204,632,862,94",-79.3807435,43.67108179999999,0.08649833996362326,186,110,0.5913978494623656,8,0
ac_0099,5,1115,166.8076826510303,629413.9115724862,4840835.761893327,166.8076826510303,2719.2,2925.0,2391.7,"1115,633,602,1122,818",-79.3936722,43.7092621,0.08741419666538701,136,69,0.5073529411764706,11,0
ac_0100,5,1062,179.7999706066942,627763.706132159,4833284.922043586,179.7999706066942,2805.0,2995.0,2155.0,"1062,418,1147,71,144",-79.4159365,43.641586200000006,0.10156149976285071,101,62,0.6138613861386139,0,0
ac_0101,5,1111,180.68941255503995,630300.6234915399,4836196.47185835,180.68941255503995,2843.4,2499.0,2190.0666666666666,"1111,598,1008,912,786",-79.3837922,43.6673514,0.10256880237340238,276,150,0.5434782608695652,25,0
ac_0102,5,448,185.49630948312617,632575.6355995102,4835337.458335272,185.49630948312617,2778.0,2950.0,1764.0,"448,1067,1099,1150,1140",-79.3557961,43.659217600000005,0.10809868723961716,51,16,0.3137254901960784,0,0
ac_0103,5,175,190.15826921249888,630580.6838674159,4835366.34124437,190.15826921249888,1793.8,1899.0,1793.8,"208,175,346,908,669",-79.3805207,43.6598307,0.11360051609900199,540,438,0.8111111111111111,28,0
ac_0104,5,288,190.22870793094248,628842.3650900193,4833887.9923182605,190.22870793094248,2071.8,2150.0,2071.8,"288,540,409,1072,671",-79.4024241,43.6468281,0.11368469184202978,592,453,0.7652027027027027,35,0
ac_0105,5,183,190.52399130043094,630861.0950896064,4835957.914995246,190.52399130043094,2759.8,2699.0,1759.9,"183,443,347,484,63",-79.3769009,43.66510579999999,0.11403790091548578,411,276,0.6715328467153284,1,0
ac_0106,5,50,193.31726159546741,630214.7382437272,4834728.574661443,193.31726159546741,2223.0,2500.0,2223.0,"50,174,194,658,140",-79.3852113,43.65415469999999,0.11740622975559173,234,171,0.7307692307692307,44,0
ac_0107,5,628,194.5602482398056,626709.8594885985,4833439.37866209,194.5602482398056,2578.0,2495.0,1738.5,"628,249,333,1044,696",-79.42896140000002,43.64315669999999,0.11892087502829939,131,76,0.5801526717557252,7,0
ac_0108,5,704,195.93379224086763,627385.4079734706,4837972.959127633,195.93379224086763,2439.8,2250.0,2089.8,"704,980,814,847,279",-79.4195182,43.68384629999999,0.12060590200997161,201,129,0.6417910447761194,13,0
ac_0109,5,616,199.82629843347362,629890.3264620926,4836452.975036326,199.82629843347362,3163.0,2695.0,3163.0,"616,72,232,469,925",-79.38881764,43.66973187999999,0.12544552110633456,792,582,0.7348484848484849,38,1
ac_0110,5,996,199.96203907533567,629095.1241045501,4835105.834542703,199.96203907533567,2315.0,2050.0,2315.0,"996,506,739,942,502",-79.399,43.6577455,0.12561600756590707,390,265,0.6794871794871795,30,0
ac_0111,5,800,201.66863110982504,624925.6772651687,4849398.343928452,201.66863110982504,2737.6,2850.0,1593.8,"800,721,1142,1020,1171",-79.4473698,43.78709969999999,0.12776931706804695,57,39,0.6842105263157895,1,0
ac_0112,5,299,202.71423870802096,628890.1255020343,4840609.821334478,202.71423870802096,2052.0,2080.0,1878.6666666666667,"299,713,742,809,678",-79.4002252,43.707319700000006,0.12909766349903928,308,223,0.724025974025974,29,2
ac_0113,5,1161,202.9705604375169,630202.5539143693,4840915.721200798,202.9705604375169,2289.4,2310.0,1779.7,"1161,1178,801,885,732",-79.3838678,43.709843799999994,0.12942434461659388,44,29,0.6590909090909091,1,0
ac_0114,5,256,203.38587579034638,629827.6760836536,4834434.913802725,203.38587579034638,2505.8,2480.0,2505.8,"257,256,146,115,343",-79.39008,43.651579300000016,0.12995453885187144,197,122,0.6192893401015228,30,0
ac_0115,5,14,207.52828740502525,629599.6325245426,4833077.927645619,207.52828740502525,2394.8,2300.0,2079.8,"14,281,292,36,535",-79.3932324,43.639405499999995,0.13530208121904044,216,144,0.6666666666666666,5,0
ac_0116,5,485,207.61613340453613,628848.1519404504,4836902.823271607,207.61613340453613,2278.8,1995.0,1938.9,"485,865,277,1089,838",-79.4016325,43.6739622,0.13541665125965274,203,136,0.6699507389162561,4,0
ac_0117,5,676,210.54051186712627,629180.9559525491,4838448.183601178,210.54051186712627,2495.0,2350.0,1895.0,"676,715,990,719,189",-79.3971353,43.6878134,0.13925834245587065,37,20,0.5405405405405406,10,0
ac_0118,5,282,215.79038605108536,627188.2482742225,4833322.627036641,215.79038605108536,2259.4,2200.0,1779.4,"282,354,353,169,623",-79.4230597,43.642024200000016,0.14628980353186313,237,144,0.6075949367088608,19,0
ac_0119,5,510,217.43723014162842,628898.5724643859,4832731.547583115,217.43723014162842,2440.0,2200.0,1830.0,"510,252,349,437,271",-79.4020034,43.6364097,0.1485311990101521,222,141,0.6351351351351351,1,0
ac_0120,5,648,220.58411895155953,618569.21739619,4827471.6910619475,220.58411895155953,1880.0,1875.0,1880.0,"648,880,219,881,931",-79.5311694,43.59078309999999,0.1528615844043915,72,48,0.6666666666666666,0,0
ac_0121,5,188,226.69909572671037,630678.871085109,4836115.911340862,226.69909572671037,2252.0919999999996,2300.0,2252.0919999999996,"188,796,1135,1126,250",-79.3791219,43.66655990000001,0.16145423762815336,643,459,0.713841368584759,23,0
ac_0122,5,555,236.02177769420888,630815.5982933401,4835573.454285677,236.02177769420888,2535.8,2000.0,1602.6,"555,205,197,995,462",-79.3775582,43.66165350000001,0.17500643858032738,686,453,0.6603498542274052,18,0
ac_0123,5,412,237.28809687179876,629740.0329050199,4833707.810742585,237.28809687179876,2470.0,2500.0,2220.0,"412,307,90,339,340",-79.3913411,43.64505029999999,0.1768893878606382,633,464,0.7330173775671406,57,0
ac_0124,5,1009,240.70807225628846,625160.613498411,4836028.037709974,240.70807225628846,2330.0,2400.0,1760.0,"1009,1084,638,255,1144",-79.4475628,43.6667189,0.1820250597428321,238,175,0.7352941176470589,3,0
ac_0125,5,1119,244.87339790488429,628790.2049076792,4838621.554735194,244.87339790488429,2985.0,2600.0,2585.0,"1119,1073,724,1184,1176",-79.4019404,43.689441699999996,0.18837926060160579,35,16,0.45714285714285713,1,0
ac_0126,5,743,252.46118364287398,627500.1907576295,4840058.541019551,252.46118364287398,2369.8,2595.0,2110.3,"743,745,668,670,665",-79.417601,43.702597999999995,0.20023458903679694,64,27,0.421875,0,0
ac_0127,5,1189,253.69918250907895,629578.6976167791,4834796.70061083,253.69918250907895,1650.0,1500.0,1650.0,"1189,667,545,1002,440",-79.3930794,43.65487899999999,0.20220319254744068,335,205,0.6119402985074627,69,0
ac_0128,5,821,253.7214463468783,631374.8488346225,4836485.263729136,253.7214463468783,2200.0,2050.0,2200.0,"821,635,639,1013,547",-79.3704028,43.6697615,0.2022386835298677,378,186,0.49206349206349204,7,0
ac_0129,5,10,259.2778406519763,630282.8155527174,4835904.128453005,259.2778406519763,2640.0,2300.0,1990.0,"10,118,449,643,162",-79.3840836,43.6647233,0.21119356190632488,763,546,0.7155963302752294,55,1
ac_0130,5,245,259.68406225200613,631526.5360923589,4834724.888125315,259.68406225200613,2144.0,2450.0,1594.0,"245,360,578,105,656",-79.3689511,43.6538906,0.21185585215775127,679,487,0.7172312223858616,11,0
ac_0131,5,344,261.60226864047945,630176.4597001441,4836578.434770031,261.60226864047945,2039.6,2000.0,2039.6,"344,914,61,312,303",-79.3852395,43.670811,0.2149972398856977,876,636,0.726027397260274,73,1
ac_0132,5,735,262.6619288891291,626709.7192425132,4832793.2587527605,262.6619288891291,2149.0,2025.0,1869.0,"735,740,802,957,218",-79.4291147,43.637341199999995,0.21674252633147142,367,295,0.8038147138964578,10,0
ac_0133,5,608,266.43784610522937,630678.5183573298,4834898.096935562,266.43784610522937,1560.0,1800.0,1340.0,"608,580,382,593,474",-79.3794212,43.65559910000001,0.2230189162148897,1833,1468,0.800872885979269,93,1
ac_0134,5,1074,269.3173705091753,631058.5916367988,4834834.578599742,269.3173705091753,2425.0,2300.0,1850.0,"1074,521,85,315,1141",-79.3747251,43.654960499999994,0.22786551472704447,859,607,0.7066356228172294,28,0
ac_0135,5,666,275.15665691995366,626232.6948900738,4837486.257930638,275.15665691995366,1647.8,1600.0,1462.8,"666,877,872,1034,868",-79.4339287,43.6796625,0.23785370525265365,146,98,0.6712328767123288,19,0
ac_0136,5,150,283.67081147151816,630810.2678705433,4834149.819612853,283.67081147151816,1860.0,1900.0,1860.0,"150,482,560,472,121",-79.3779693,43.64884109999999,0.2528012253896729,573,316,0.5514834205933682,140,1
ac_0137,5,397,284.7858530435884,636943.8523855072,4839434.180254053,284.7858530435884,2157.0,2335.0,1872.0,"397,836,652,826,913",-79.300604,43.69529639999999,0.2547925327299946,286,210,0.7342657342657343,0,0
ac_0138,5,253,291.50355565393573,627503.9042437677,4833006.643818938,291.50355565393573,2370.0,2000.0,1260.0,"253,425,103,355,321",-79.4192221,43.6391261,0.26695470875140653,226,103,0.4557522123893805,36,0
ac_0139,5,539,301.6887027090901,629574.5069906814,4833428.8649761565,301.6887027090901,2725.2,2300.0,2071.8666666666663,"539,332,618,619,513",-79.3934596,43.642568499999996,0.2859354273707398,384,256,0.6666666666666666,19,0
ac_0140,5,907,302.59656520293464,628055.8365328403,4837961.2561276825,302.59656520293464,3041.6,2750.0,2049.6,"907,997,918,710,892",-79.41120606,43.68362566999999,0.2876589300143347,88,39,0.4431818181818182,0,0
ac_0141,5,1163,307.5933971846774,628732.034862346,4839432.600929658,307.5933971846774,2344.0,1950.0,1974.0,"1163,906,867,733,1007",-79.4024681,43.6967516,0.2972376985394076,42,19,0.4523809523809524,0,0
ac_0142,5,153,313.84673929463753,630444.9813798513,4833783.986461861,313.84673929463753,1800.0,1500.0,1480.0,"153,403,563,556,185",-79.3825854,43.64561260000001,0.30944617192631857,747,545,0.7295850066934404,120,2
ac_0143,5,853,314.4799132854722,628845.1007418183,4836351.296343906,314.4799132854722,2094.2580000000003,2127.29,2094.2580000000003,"853,1052,220,625,637",-79.4018021,43.66899870000001,0.31069602344344116,470,362,0.7702127659574468,9,2
ac_0144,5,1005,321.21581386045074,628276.7030445803,4833042.693814372,321.21581386045074,2735.0,2350.0,2081.6666666666665,"1005,1049,1138,534,379",-79.4096361,43.63931770000001,0.3241482704513183,131,100,0.7633587786259542,2,0
ac_0145,5,1035,325.9549481875929,626012.5927852755,4832605.293875002,325.9549481875929,1871.4,1699.0,1871.4,"1035,383,1068,799,806",-79.437798,43.635767799999996,0.3337836267725283,348,242,0.6954022988505747,1,0
ac_0146,5,933,326.7792535646252,624966.1899548568,4834078.075855496,326.7792535646252,2619.0,2400.0,1989.5,"933,856,1148,235,873",-79.450425,43.6492005,0.33547396796402557,131,57,0.4351145038167939,27,0
ac_0147,5,201,334.1977028591067,629436.3407980644,4836509.5383265605,334.1977028591067,2349.2,2000.0,2349.2,"201,1154,1019,246,776",-79.3944332,43.67032019999999,0.3508785288931163,480,215,0.4479166666666667,54,0
ac_0148,5,621,338.2345265378561,629005.9329372884,4841051.924226374,338.2345265378561,2402.4,2059.0,2057.4,"621,926,972,626,746",-79.3986824,43.711278699999994,0.35940635182229974,200,115,0.575,29,0
ac_0149,5,651,339.7541045122467,629883.0950196807,4839786.7346467925,339.7541045122467,2504.4,2477.0,1909.4,"651,1172,1021,716,951",-79.38810388,43.699738450000005,0.3626429983587386,213,104,0.48826291079812206,15,0
ac_0150,5,961,342.37171260828825,621178.8936939014,4829169.923337185,342.37171260828825,1893.8,1925.0,1648.8,"961,91,1090,1070,1011",-79.4984715,43.60564910000001,0.3682524316151807,32,19,0.59375,0,0
ac_0151,5,82,351.40881501333723,630395.93368383,4835411.435225085,351.40881501333723,2668.0,2450.0,1804.0,"82,83,324,1016,23",-79.3828002,43.660269,0.38794948139869073,2264,1830,0.808303886925795,120,1
ac_0152,5,389,354.1085575221375,631840.3432629306,4835426.812187817,354.1085575221375,2117.0,2425.0,1577.0,"389,589,173,283,1028",-79.3648897,43.66015260000001,0.39393332080803706,710,506,0.7126760563380282,25,0
ac_0153,5,855,361.0953956085878,629212.4161774977,4839058.193419893,361.0953956085878,2196.8,2200.0,2196.8,"855,788,1064,1129,981",-79.39659880000002,43.693298299999995,0.4096319039693162,140,74,0.5285714285714286,0,0
ac_0154,5,109,370.69820597359654,630729.9859391093,4833172.3677545,370.69820597359654,2456.0,2400.0,2161.0,"109,503,41,300,234",-79.379201,43.6400577,0.4317087400568482,626,400,0.6389776357827476,41,0
ac_0155,5,606,395.15647609099335,628902.4070149886,4837974.831130407,395.15647609099335,2147.274,2195.0,2147.274,"606,903,679,1162,767",-79.4007034,43.68360139999999,0.49055542216647424,95,45,0.47368421052631576,1,0
ac_0156,5,571,403.8592400001204,632270.2785557209,4834839.278003161,403.8592400001204,2475.0,2900.0,1790.8333333333335,"571,65,1047,1165,156",-79.3597037,43.6547882,0.5124009426439879,607,367,0.6046128500823723,18,0
ac_0157,5,1170,420.9473161835423,627055.575703165,4840441.7452008,420.9473161835423,2622.8,2800.0,1754.9,"1170,989,1098,765,1078",-79.4230266,43.70612330000001,0.5566796718962558,160,67,0.41875,0,0
ac_0158,5,1022,468.55807748732695,630616.9723452944,4836960.16233864,468.55807748732695,2844.0,2950.0,1509.6666666666665,"1022,1085,911,538,439",-79.3796849,43.674169400000004,0.6897262118081202,417,247,0.592326139088729,24,1
ac_0159,5,777,471.0927780490681,625123.968234492,4839014.362489706,471.0927780490681,2205.6,2239.0,1906.1,"777,948,783,839,607",-79.447324,43.693604099999995,0.6972086484359085,637,459,0.7205651491365777,13,0
ac_0160,5,878,473.1033705990714,632608.4368735353,4838420.213609863,473.1033705990714,2409.2,2575.0,2144.2,"878,738,805,747,898",-79.3546314,43.68695749999999,0.703172628270068,270,189,0.7,0,0
ac_0161,5,1069,486.14032257787903,634996.4362063135,4843062.795006574,486.14032257787903,2325.0,2275.0,2040.0,"1069,1143,785,172,874",-79.3238499,43.728311,0.7424601732277553,176,85,0.48295454545454547,2,0
ac_0162,5,417,487.0347872389974,622707.325497486,4831347.004885607,487.0347872389974,2441.0,2450.0,2186.0,"417,182,1146,1105,107",-79.4790453,43.6249946,0.7451948377248189,242,147,0.6074380165289256,2,0
ac_0163,5,971,488.6119960700541,626593.4973409176,4836684.93714787,488.6119960700541,3188.108,3134.0,1698.0413333333333,"971,268,475,680,627",-79.4296423,43.6723887,0.7500291164871774,250,119,0.476,6,0
ac_0164,5,1050,488.7345161445969,632522.5662659591,4837271.270787769,488.7345161445969,2230.726,2230.0,1991.226,"1050,700,917,784,869",-79.3559789,43.676632000000005,0.7504053051408394,606,367,0.6056105610561056,49,2
ac_0165,5,135,489.9533613191299,632862.1246045214,4848217.815970417,489.9533613191299,2288.098,2250.0,1999.1889999999999,"135,928,1136,1131,985",-79.3490639,43.7750925,0.7541528136179458,641,393,0.6131045241809673,7,1
ac_0166,5,1177,494.3205957839914,633307.0530875857,4844036.818016531,494.3205957839914,2318.6,2299.0,2038.6,"1177,1000,762,870,766",-79.3445755,43.737383,0.7676571228929785,199,134,0.6733668341708543,12,0
ac_0167,5,750,510.87664188538275,626322.9297784722,4842927.399206587,510.87664188538275,2239.538,2285.69,1957.6380000000001,"750,1109,629,844,744",-79.431533,43.7286207,0.8199397962568725,265,119,0.4490566037735849,6,0
ac_0168,5,120,515.1558533257647,628003.1635372252,4846608.167949831,515.1558533257647,2947.4,2800.0,1732.7,"120,936,1038,863,654",-79.4098016,43.7614611,0.8337333043516104,671,480,0.7153502235469449,55,1
ac_0169,5,40,519.2309756997652,629662.0740719,4834134.031093867,519.2309756997652,3110.0,2550.0,2620.0,"184,40,529,396,395",-79.392205,43.64890009999999,0.8469759119277365,2721,1972,0.7247335538404999,232,1
ac_0170,5,583,531.7846574920436,629049.5932469768,4833864.43083169,531.7846574920436,2709.6,2499.0,1979.7,"583,68,293,1121,890",-79.3998612,43.646580099999994,0.8884264492515499,2763,1980,0.7166123778501629,186,0
ac_0171,5,514,543.7877502625417,631329.3759141801,4833357.757574777,543.7877502625417,3009.0,2995.0,2384.5,"514,579,319,1076,573",-79.3717276,43.641620700000004,0.9289850242504176,348,224,0.6436781609195402,24,0
ac_0172,5,1127,578.3979764515091,628709.0926028028,4842433.016116076,578.3979764515091,2002.8,1929.0,1715.3,"1127,834,819,1175,848",-79.4020352,43.72376069999999,1.0510016612240443,269,125,0.4646840148698885,11,1
ac_0173,5,910,592.5070235139054,627610.9138053465,4837625.260408676,592.5070235139054,1987.8,2100.0,1537.8,"910,586,1167,718,447",-79.4168037,43.6806781,1.1029018832000856,585,356,0.6085470085470085,17,1
ac_0174,5,596,595.6498531037756,623834.1177797718,4838910.739189734,595.6498531037756,2419.866,2195.0,1667.166,"596,1023,893,644,1101",-79.463348,43.69288768,1.1146331386568695,368,260,0.7065217391304348,4,0
ac_0175,5,963,603.6415605830678,632729.2919022478,4849368.542128738,603.6415605830678,2502.0,2805.0,1650.0,"963,992,976,967,969",-79.350429,43.785472999999996,1.1447433758082157,393,257,0.6539440203562341,10,0
ac_0176,5,260,632.6104051559284,628609.995924996,4836008.758010651,632.6104051559284,2151.75,2168.75,1812.25,"260,613,689,612,278",-79.4047989,43.665956400000006,1.257252577070373,1559,999,0.640795381654907,114,3
ac_0177,5,793,638.0049185635687,626282.1615568573,4834226.379051779,638.0049185635687,2091.6,2150.0,1686.6,"793,44,276,779,1051",-79.4340783,43.65031299999998,1.2787861570729755,829,496,0.5983112183353438,48,0
ac_0178,5,456,643.3644107923332,626320.9305425207,4835535.678222885,643.3644107923332,1719.8,1757.0,1479.8,"456,131,415,132,363",-79.4332913,43.662091,1.3003610099473057,1098,743,0.6766848816029144,51,2
ac_0179,5,325,662.8288193534672,633749.9435409008,4836022.5241993815,662.8288193534672,2666.6,2475.0,2040.3,"325,1012,597,736,833",-79.3410685,43.665173,1.3802337371068558,793,430,0.5422446406052963,68,0
ac_0180,5,1014,678.2648493749391,617961.2937418576,4832759.862798938,678.2648493749391,2258.8,2125.0,2258.8,"1014,1181,675,657,653",-79.5375446,43.63847940000001,1.4452683559818245,376,186,0.4946808510638298,9,1
ac_0181,5,519,679.3779631240106,633792.3079401829,4837685.048757672,679.3779631240106,2335.0,2100.0,1845.0,"519,164,1157,1190,1083",-79.3401308,43.68012850000001,1.4500159649833502,1083,728,0.6722068328716528,74,2
ac_0182,5,723,685.6794986558167,629418.7053433931,4840530.969249748,685.6794986558167,2240.4,2250.0,2240.4,"723,820,763,947,674",-79.393686,43.706518,1.4770398133516531,1324,815,0.6155589123867069,128,2
ac_0183,5,1077,686.0192566403621,629934.7528502285,4833000.250452223,686.0192566403621,2759.8,2600.0,1946.6,"1077,371,161,316,561",-79.3890979,43.63864790000001,1.478503938798997,925,586,0.6335135135135135,72,0
ac_0184,5,764,694.280781838965,624614.444994083,4847550.384918799,694.280781838965,2346.8,2100.0,1448.4333333333334,"764,1097,129,128,1155",-79.4516659,43.77051949999999,1.514328724784266,257,164,0.6381322957198443,0,0
ac_0185,5,180,737.7966011956374,618636.7255970958,4840122.980607272,737.7966011956374,1825.8,1799.0,1372.5666666666668,"180,58,59,60,954",-79.52755370000001,43.7046478,1.7101065608170676,652,370,0.5674846625766872,5,0
ac_0186,5,378,755.2926249438615,638145.3613455659,4837512.5632812735,755.2926249438615,1899.0,2000.0,1669.5,"378,289,901,973,771",-79.2861931,43.67777929999999,1.7921747770196608,435,218,0.5011494252873563,33,0
ac_0187,5,1106,763.2405508092692,619990.5734379643,4835352.799790659,763.2405508092692,2676.0,2700.0,2103.0,"1106,699,1080,852,615",-79.5118181,43.6614939,1.8300912528468654,234,106,0.452991452991453,3,0
ac_0188,5,970,763.6248858417911,621998.4524184641,4829937.640624001,763.6248858417911,2216.0,2300.0,1956.0,"970,857,888,965,952",-79.4881467,43.61242549999999,1.8319348269949611,523,360,0.6883365200764818,12,0
ac_0189,5,772,767.3293256860746,629393.5682020276,4838222.241634201,767.3293256860746,2346.8,2410.0,2025.1,"772,614,634,960,1056",-79.3945525,43.68574279999999,1.8497518286877173,591,324,0.5482233502538071,66,2
ac_0190,5,1095,768.0032166736045,624872.9103780705,4835666.24518861,768.0032166736045,3480.0,3575.0,1621.1666666666665,"1095,1087,1152,603,1160",-79.4512138,43.6635109,1.8530022673579132,1205,745,0.6182572614107884,40,1
ac_0191,5,645,769.0058369144169,616644.6739507853,4839006.097607198,769.0058369144169,2751.0,2770.0,1616.5,"645,816,829,753,886",-79.5525119,43.6949104,1.8578435759516072,689,432,0.6269956458635704,1,0
ac_0192,5,1066,774.2540431512376,615876.1501321151,4842329.630875657,774.2540431512376,2298.8,2000.0,1318.9333333333334,"1066,1151,527,923,822",-79.5613303,43.724946300000006,1.883288422244943,348,219,0.6293103448275862,2,0
ac_0193,5,592,778.8446040912474,636261.2878135582,4838096.814014206,778.8446040912474,2291.0,2450.0,2011.0,"592,891,1187,1060,1110",-79.3094088,43.6833856,1.9056867023344806,886,503,0.5677200902934537,44,1
ac_0194,5,414,805.4029086886052,630355.2608873855,4834552.853362291,805.4029086886052,2110.0,2200.0,1580.0,"414,64,380,291,1065",-79.3835118,43.6525485,2.0378689870459263,7541,5716,0.7579896565442249,729,6
ac_0195,5,895,813.5538156315798,619818.7806490728,4828708.615108115,813.5538156315798,1909.0,1900.0,1624.0,"895,864,778,731,435",-79.5154212,43.60171689999999,2.0793253356464776,555,377,0.6792792792792792,23,0
ac_0196,5,649,861.7375532025476,613283.2106910417,4844552.495982043,861.7375532025476,2657.6,2824.0,1773.7,"649,673,1071,988,759",-79.593045,43.7453554,2.332920348476844,1367,989,0.723482077542063,6,0
ac_0197,5,709,870.3897929561724,633469.8125188146,4847588.412047342,870.3897929561724,2482.0,2295.0,1865.2333333333336,"709,966,792,147,617",-79.3416725,43.76931849999999,2.380002709827449,1087,651,0.5988960441582337,8,1
ac_0198,5,544,891.6799315667865,628333.067984509,4835150.381233726,891.6799315667865,2296.0,1750.0,1294.6666666666665,"544,703,517,113,1153",-79.4084366,43.6582784,2.4978586430076066,3179,1891,0.5948411450141554,406,1
ac_0199,5,946,934.0347947765114,635437.1281409436,4837254.910156443,934.0347947765114,1429.2,1350.0,1429.2,"946,896,845,851,577",-79.3198413,43.6759591,2.740791397693089,1395,869,0.6229390681003584,64,0
ac_0200,5,711,940.1425811039525,630525.6821089961,4835776.139825388,940.1425811039525,2201.0,2200.0,2201.0,"711,1183,1030,273,516",-79.38110344,43.66352873,2.776753444266134,10036,7493,0.7466121960940614,456,5
ac_0201,5,43,986.2048251479672,623185.9278734169,4838705.322434482,986.2048251479672,2089.8,1899.0,1478.1333333333334,"43,1149,902,920,1186",-79.4714355,43.6911466,3.0555128802488962,1033,691,0.6689254598257502,10,0
ac_0202,5,672,1011.1435696653615,627862.7251743532,4838626.164322851,1011.1435696653615,2286.2,2300.0,1886.8666666666668,"672,112,722,915,794",-79.41344333,43.689643479999994,3.21199988707003,979,459,0.46884576098059244,26,1
ac_0203,5,1185,1095.2467029586385,632984.5884439566,4835442.282743176,1095.2467029586385,2337.2,2491.0,2337.2,"1185,152,154,1082,601",-79.35070050000002,43.660088000000016,3.7685456607186385,2309,1352,0.5855348635773062,106,0
ac_0204,5,919,1141.119103335047,624932.1346957105,4839839.587768359,1141.119103335047,2403.4,2384.0,1697.5,"919,1091,797,663,841",-79.4495122,43.701064,4.090833695452124,1820,1154,0.634065934065934,37,2
ac_0205,5,937,1144.055680164219,622082.7849659435,4832634.300741116,1144.055680164219,2740.0,2700.0,1580.0,"937,889,897,1139,904",-79.486493,43.63668419999999,4.111915639843753,547,297,0.5429616087751371,8,0
ac_0206,5,1039,1149.1974608729813,634295.6142122333,4845650.860363632,1149.1974608729813,2867.4,2845.0,1850.2333333333336,"1039,1058,987,850,940",-79.3319011,43.751731099999986,4.14895943041608,485,284,0.5855670103092784,5,0
ac_0207,5,949,1176.4274643167882,621902.6787197862,4835153.192640529,1176.4274643167882,2259.0,2350.0,1674.5,"949,702,207,941,858",-79.4881564,43.6593861,4.347906360658002,1101,601,0.5458673932788374,46,2
ac_0208,5,178,1193.9628749829421,625224.4259649159,4837334.5509899985,1193.9628749829421,1909.0,2000.0,1136.1666666666667,"178,77,384,501,1006",-79.4464682,43.67846769999999,4.478489072169213,1801,1209,0.67129372570794,87,0
ac_0209,5,497,1224.9945786413803,635048.6178075531,4840494.878310462,1224.9945786413803,2476.0,2395.0,1459.8333333333335,"497,755,1026,1055,1137",-79.3238468,43.70519000000001,4.714310748219508,802,565,0.7044887780548629,13,0
ac_0210,5,754,1245.2189490680341,640380.0240678934,4843337.168755109,1245.2189490680341,2464.4,2339.0,1886.0,"754,1015,871,781,991",-79.2569642,43.729780700000006,4.871260046955649,2568,1859,0.7239096573208723,14,1
ac_0211,5,849,1273.4491605016171,629392.2737486575,4846519.323235021,1273.4491605016171,2577.2,2486.0,2084.4,"849,769,698,705,939",-79.3925726,43.76042009999998,5.094635243110002,912,364,0.3991228070175439,11,1
ac_0212,5,815,1315.4209376058225,626599.8746514544,4846066.232212349,1315.4209376058225,1934.6,2177.0,1716.9,"815,127,130,955,19",-79.4273561,43.75682459999999,5.435999063166689,709,325,0.45839210155148097,9,0
ac_0213,5,1010,1404.39072029732,625280.083038664,4849996.478183087,1404.39072029732,2534.4,2505.0,2241.6,"1010,846,1017,811,808",-79.4428269,43.792423299999996,6.196204958957576,1136,640,0.5633802816901409,7,0
ac_0214,5,1032,1406.9928328543242,636984.2974425182,4838639.00070569,1406.9928328543242,1903.8,2050.0,1903.8,"1032,1112,708,837,565",-79.3003045,43.6881323,6.21918739451406,3791,2425,0.6396729095225534,91,3
ac_0215,5,866,1445.3604952405542,636216.0242595766,4844245.464560565,1445.3604952405542,2341.8,2425.0,1807.8,"866,749,1169,843,1128",-79.308414,43.738732,6.562997418169419,1299,777,0.5981524249422633,39,0
ac_0216,5,1103,1520.0472686291587,629549.9385613174,4837109.56169462,1520.0472686291587,2379.2,2350.0,1749.3,"1103,582,1180,455,677",-79.3928805,43.67570090000001,7.2587871101586465,6168,3755,0.60878728923476,407,11
ac_0217,5,1117,1723.1920552448726,620444.199611361,4846427.705619862,1723.1920552448726,2236.4,2209.0,2236.4,"1117,905,768,1043,924",-79.5037154,43.7611046,9.328616509084908,4559,3392,0.7440228120201798,47,2
ac_0218,5,825,1733.9856363978495,620157.1487327826,4838694.085773139,1733.9856363978495,2351.0,2450.0,1606.5,"825,953,938,701,823",-79.5090082,43.6915418,9.445846069317485,3308,2021,0.6109431680773881,35,0
ac_0219,5,935,1747.1047869247134,625063.7844092845,4843952.891270163,1747.1047869247134,2363.6639999999998,2454.32,1843.664,"935,909,684,697,707",-79.44692270000002,43.73806419999999,9.589319304813612,2265,1102,0.48653421633554084,57,2
ac_0220,5,631,1785.3679416146279,626944.5040651733,4839496.57092303,1785.3679416146279,2224.1760000000004,2250.0,2024.6760000000002,"631,887,1036,828,693",-79.4246275,43.69763519999999,10.013948121940462,3307,1555,0.47021469609918354,101,3
ac_0221,5,624,1807.3342777223818,638935.961158232,4839444.028245709,1807.3342777223818,2188.0,1995.0,1415.8333333333335,"624,804,458,660,916",-79.27589147,43.69501489,10.261877915862927,3969,2465,0.6210632401108591,43,2
ac_0222,5,861,1933.1170047725448,631225.8317537627,4839575.522523565,1933.1170047725448,2214.0,2250.0,1944.0,"861,817,1164,1046,1001",-79.37149810000001,43.6976013,11.739947505064551,1728,784,0.4537037037037037,104,0
ac_0223,5,1053,2031.8514509788442,616149.7737694192,4832927.008835106,2031.8514509788442,2455.4139999999998,2200.0,2016.0806666666667,"1053,1096,692,683,945",-79.5599604,43.64026899999999,12.969814944613764,2044,1028,0.50293542074364,23,1
ac_0224,5,1018,2039.3407827766864,627790.0622878375,4842242.879243394,2039.3407827766864,2109.8,2200.0,2109.8,"1018,416,226,646,780",-79.4134861,43.72220829999999,13.065603705110473,3223,1122,0.34812286689419797,161,1
ac_0225,5,313,2047.7210154928391,634854.5824193563,4848684.076967077,2047.7210154928391,2772.0,2700.0,1510.5,"313,1182,882,975,832",-79.3241989,43.7789286,13.173204915382087,3266,1876,0.5744029393753828,62,1
ac_0226,5,741,2102.4730102049843,636219.4458087902,4841019.307062255,2102.4730102049843,2410.0,2300.0,1516.6666666666665,"741,1174,1042,830,542",-79.3091886,43.7096959,13.887073416526226,4443,3047,0.6857978843124015,53,0
ac_0227,5,1054,2138.275402553755,618967.6289583258,4828097.955304172,2138.275402553755,2270.0,2150.0,1729.5,"1054,879,964,993,977",-79.5260979,43.5963567,14.36405809440189,2495,1753,0.7026052104208417,51,0
ac_0228,5,999,2147.0119782683364,623625.8783380471,4834492.531690291,2147.0119782683364,2310.4,2300.0,2042.9,"999,757,712,604,894",-79.466944,43.653155000000005,14.48167535759828,4656,2764,0.5936426116838488,277,6
ac_0229,5,922,2166.624632593767,627025.3881728345,4834627.050185683,2166.624632593767,2967.66,2400.0,1817.6599999999999,"922,1158,470,1145,1134",-79.4247713,43.653792700000004,14.74745995118615,13456,8495,0.6313168846611177,1067,5
ac_0230,5,748,2218.4471835309655,621458.6575074763,4842296.253430822,2218.4471835309655,2315.4,2389.0,2045.4,"748,706,840,932,1188",-79.4920509,43.72375259999999,15.461373082439598,4179,2764,0.6614022493419478,40,0
ac_0231,5,1024,2369.060913375758,642340.0781909325,4846617.602238519,2369.060913375758,2492.002,2495.0,1805.7123333333334,"1024,813,758,1125,798",-79.2317694,43.7589297,17.632030467455156,5620,4058,0.7220640569395018,53,0
ac_0232,5,950,3161.450255313251,637799.4438536165,4846300.552962965,3161.450255313251,2482.0,2500.0,1708.6666666666665,"950,899,1061,982,1031",-79.2882319,43.7569349,31.399488833498836,8163,4950,0.6063947078280044,161,0
ac_0233,5,136,3425.387864210016,633697.2576581129,4836759.2387834145,3425.387864210016,2049.8,2000.0,2049.8,"136,929,266,734,983",-79.3415391,43.6718131,36.861192597400226,20306,13164,0.6482812961686201,822,9
ac_0234,5,655,3906.3430426227023,618403.8290621223,4833329.760066876,3906.3430426227023,2349.132,2050.0,1984.566,"655,998,775,974,900",-79.531935,43.643538799999995,47.93918325815371,7407,3713,0.5012825705413798,138,4
ac_0235,5,642,5358.500685969028,627817.0849487912,4848696.158487595,5358.500685969028,2596.8,2600.0,1997.1,"642,1179,795,611,264",-79.411615,43.780286,90.20621365480143,13402,6751,0.5037307864497836,336,9
ac_0236,5,968,6710.670099243933,619465.6172616299,4843915.941738535,6710.670099243933,2933.4,2995.0,1436.1166666666666,"968,1081,1094,662,959",-79.516427,43.73865499999999,141.47563470549787,31745,19128,0.6025515829264451,402,8
ac_0237,5,790,11905.671134073526,639240.4853024483,4841484.952424217,11905.671134073526,2254.786,2249.63,2254.786,"790,921,659,33,682",-79.2715864,43.713325899999994,445.3050668708062,88298,56201,0.6364923327821694,3236,41
